step,target_class,confidence,diff_x,diff_y,smoothed_diff_x,smoothed_diff_y,direction,pos_x,pos_y,pos_z
0,person,0.87,22,58,22.0,58.0,['DOWN'],0.000,-0.000,1.000
1,person,0.85,16,70,19.0,64.0,['DOWN'],0.000,-0.000,1.000
2,person,0.85,15,70,17.7,66.0,['DOWN'],0.000,-0.000,1.000
3,person,0.85,15,70,17.0,67.0,['DOWN'],0.000,-0.000,1.000
4,person,0.85,14,72,16.4,68.0,['DOWN'],0.000,-0.000,1.000
5,person,0.85,14,73,14.8,71.0,['DOWN'],0.000,-0.000,1.000
6,person,0.84,11,73,13.8,71.6,['DOWN'],0.000,-0.000,1.000
7,person,0.85,9,75,12.6,72.6,['DOWN'],0.000,-0.000,1.000
8,person,0.85,7,75,11.0,73.6,['DOWN'],0.000,-0.000,1.000
9,person,0.84,8,75,9.8,74.2,['DOWN'],0.000,-0.000,1.000
10,person,0.84,8,75,8.6,74.6,['DOWN'],0.000,-0.001,1.000
11,person,0.84,5,76,7.4,75.2,['DOWN'],0.000,-0.001,1.000
12,person,0.84,5,76,6.6,75.4,['DOWN'],0.000,-0.001,1.000
13,person,0.84,5,77,6.2,75.8,['DOWN'],0.000,-0.001,1.000
14,person,0.84,4,76,5.4,76.0,['DOWN'],0.000,-0.001,1.000
15,person,0.84,5,76,4.8,76.2,['DOWN'],0.000,-0.001,1.000
16,person,0.84,7,75,5.2,76.0,['DOWN'],0.000,-0.001,1.000
17,person,0.84,9,75,6.0,75.8,['DOWN'],0.000,-0.001,1.000
18,person,0.85,9,75,6.8,75.4,['DOWN'],0.000,-0.002,1.000
19,person,0.85,8,74,7.6,75.0,['DOWN'],0.000,-0.002,1.000
20,person,0.85,8,74,8.2,74.6,['DOWN'],0.000,-0.002,1.000
21,person,0.85,9,74,8.6,74.4,['DOWN'],0.000,-0.002,1.000
22,person,0.84,11,73,9.0,74.0,['DOWN'],0.000,-0.002,1.000
23,person,0.85,14,72,10.0,73.4,['DOWN'],0.000,-0.003,1.000
24,person,0.84,17,71,11.8,72.8,['DOWN'],0.000,-0.003,1.000
25,person,0.83,18,71,13.8,72.2,['DOWN'],0.000,-0.003,1.000
26,person,0.83,20,71,16.0,71.6,['DOWN'],0.000,-0.003,1.000
27,person,0.84,22,70,18.2,71.0,['DOWN'],0.000,-0.004,1.000
28,person,0.84,26,70,20.6,70.6,['DOWN'],0.000,-0.004,1.000
29,person,0.85,28,69,22.8,70.2,['DOWN'],0.000,-0.004,1.000
30,person,0.85,28,69,24.8,69.8,['DOWN'],0.000,-0.004,1.000
31,person,0.87,29,66,26.6,68.8,['DOWN'],0.000,-0.005,1.000
32,person,0.87,30,64,28.2,67.6,['DOWN'],0.000,-0.005,1.000
33,person,0.88,29,63,28.8,66.2,['DOWN'],0.000,-0.005,1.000
34,person,0.87,32,62,29.6,64.8,['DOWN'],0.000,-0.005,1.000
35,person,0.88,34,61,30.8,63.2,"['RIGHT', 'DOWN']",0.000,-0.006,1.000
36,person,0.88,37,60,32.4,62.0,"['RIGHT', 'DOWN']",0.000,-0.006,1.000
37,person,0.89,39,61,34.2,61.4,"['RIGHT', 'DOWN']",0.000,-0.006,1.000
38,person,0.89,47,61,37.8,61.0,"['RIGHT', 'DOWN']",0.000,-0.007,1.000
39,person,0.88,52,61,41.8,60.8,"['RIGHT', 'DOWN']",0.000,-0.007,1.000
40,person,0.88,61,62,47.2,61.0,"['RIGHT', 'DOWN']",0.000,-0.007,1.000
41,person,0.90,73,62,54.4,61.4,"['RIGHT', 'DOWN']",0.000,-0.008,1.000
42,person,0.89,86,63,63.8,61.8,"['RIGHT', 'DOWN']",0.000,-0.008,1.000
43,person,0.89,101,64,74.6,62.4,"['RIGHT', 'DOWN']",0.000,-0.009,1.000
44,person,0.89,111,65,86.4,63.2,"['RIGHT', 'DOWN']",0.000,-0.009,1.000
45,person,0.90,122,66,98.6,64.0,"['RIGHT', 'DOWN']",0.001,-0.009,1.000
46,person,0.91,128,68,109.6,65.2,"['RIGHT', 'DOWN']",0.001,-0.010,1.000
47,person,0.90,136,70,119.6,66.6,"['RIGHT', 'DOWN']",0.001,-0.010,1.000
48,person,0.88,142,71,127.8,68.0,"['RIGHT', 'DOWN']",0.001,-0.011,1.000
49,person,0.89,145,72,134.6,69.4,"['RIGHT', 'DOWN']",0.001,-0.011,1.000
50,person,0.86,147,74,139.6,71.0,"['RIGHT', 'DOWN']",0.001,-0.011,1.000
51,person,0.84,154,81,144.8,73.6,"['RIGHT', 'DOWN']",0.001,-0.012,1.000
52,person,0.83,154,82,148.4,76.0,"['RIGHT', 'DOWN']",0.001,-0.012,1.000
53,person,0.85,157,83,151.4,78.4,"['RIGHT', 'DOWN']",0.002,-0.013,1.000
54,person,0.85,157,84,153.8,80.8,"['RIGHT', 'DOWN']",0.002,-0.013,1.000
55,person,0.84,159,84,156.2,82.8,"['RIGHT', 'DOWN']",0.002,-0.014,1.000
56,person,0.84,158,85,157.0,83.6,"['RIGHT', 'DOWN']",0.002,-0.014,1.000
57,person,0.84,159,85,158.0,84.2,"['RIGHT', 'DOWN']",0.002,-0.015,1.000
58,person,0.85,159,85,158.4,84.6,"['RIGHT', 'DOWN']",0.003,-0.015,1.000
59,person,0.84,157,85,158.4,84.8,"['RIGHT', 'DOWN']",0.003,-0.016,1.000
60,person,0.84,155,85,157.6,85.0,"['RIGHT', 'DOWN']",0.003,-0.016,1.000
61,person,0.84,153,84,156.6,84.8,"['RIGHT', 'DOWN']",0.003,-0.017,1.000
62,person,0.81,150,83,154.8,84.4,"['RIGHT', 'DOWN']",0.004,-0.017,1.000
63,person,0.82,148,79,152.6,83.2,"['RIGHT', 'DOWN']",0.004,-0.018,1.000
64,person,0.86,147,75,150.6,81.2,"['RIGHT', 'DOWN']",0.004,-0.019,1.000
65,person,0.89,143,75,148.2,79.2,"['RIGHT', 'DOWN']",0.004,-0.019,1.000
66,person,0.89,141,73,145.8,77.0,"['RIGHT', 'DOWN']",0.005,-0.020,1.000
67,person,0.88,133,71,142.4,74.6,"['RIGHT', 'DOWN']",0.005,-0.020,1.000
68,person,0.88,123,70,137.4,72.8,"['RIGHT', 'DOWN']",0.005,-0.021,1.000
69,person,0.91,106,68,129.2,71.4,"['RIGHT', 'DOWN']",0.005,-0.021,1.000
70,person,0.88,86,66,117.8,69.6,"['RIGHT', 'DOWN']",0.006,-0.022,1.000
71,person,0.88,67,65,103.0,68.0,"['RIGHT', 'DOWN']",0.006,-0.023,1.000
72,person,0.90,49,64,86.2,66.6,"['RIGHT', 'DOWN']",0.006,-0.023,1.000
73,person,0.87,44,64,70.4,65.4,"['RIGHT', 'DOWN']",0.007,-0.024,1.000
74,person,0.86,35,64,56.2,64.6,"['RIGHT', 'DOWN']",0.007,-0.025,1.000
75,person,0.86,17,64,42.4,64.2,"['RIGHT', 'DOWN']",0.007,-0.025,1.000
76,person,0.86,1,67,29.2,64.6,['DOWN'],0.008,-0.026,1.000
77,person,0.86,-14,69,16.6,65.6,['DOWN'],0.008,-0.027,1.000
78,person,0.87,-34,69,1.0,66.6,['DOWN'],0.009,-0.027,1.000
79,person,0.85,-109,74,-27.8,68.6,['DOWN'],0.009,-0.028,1.000
80,person,0.86,-121,76,-55.4,71.0,"['LEFT', 'DOWN']",0.009,-0.029,1.000
81,person,0.85,-126,77,-80.8,73.0,"['LEFT', 'DOWN']",0.010,-0.029,1.000
82,person,0.87,-135,80,-105.0,75.2,"['LEFT', 'DOWN']",0.010,-0.030,1.000
83,person,0.90,-138,81,-125.8,77.6,"['LEFT', 'DOWN']",0.010,-0.031,1.000
84,person,0.91,-141,81,-132.2,79.0,"['LEFT', 'DOWN']",0.011,-0.032,1.000
85,person,0.91,-143,83,-136.6,80.4,"['LEFT', 'DOWN']",0.011,-0.032,1.000
86,person,0.91,-144,84,-140.2,81.8,"['LEFT', 'DOWN']",0.011,-0.033,1.000
87,person,0.91,-145,85,-142.2,82.8,"['LEFT', 'DOWN']",0.011,-0.034,1.000
88,person,0.91,-145,86,-143.6,83.8,"['LEFT', 'DOWN']",0.012,-0.035,1.000
89,person,0.91,-145,87,-144.4,85.0,"['LEFT', 'DOWN']",0.012,-0.035,1.000
90,person,0.91,-145,88,-144.8,86.0,"['LEFT', 'DOWN']",0.012,-0.036,1.000
91,person,0.92,-144,89,-144.8,87.0,"['LEFT', 'DOWN']",0.012,-0.037,1.000
92,person,0.92,-143,89,-144.4,87.8,"['LEFT', 'DOWN']",0.013,-0.038,1.000
93,person,0.91,-142,87,-143.8,88.0,"['LEFT', 'DOWN']",0.013,-0.039,1.000
94,person,0.91,-140,88,-142.8,88.2,"['LEFT', 'DOWN']",0.013,-0.039,1.000
95,person,0.90,-137,88,-141.2,88.2,"['LEFT', 'DOWN']",0.013,-0.040,1.000
96,person,0.90,-135,87,-139.4,87.8,"['LEFT', 'DOWN']",0.014,-0.041,1.000
97,person,0.88,-132,86,-137.2,87.2,"['LEFT', 'DOWN']",0.014,-0.042,1.000
98,person,0.87,-122,84,-133.2,86.6,"['LEFT', 'DOWN']",0.014,-0.043,1.000
99,person,0.87,-116,83,-128.4,85.6,"['LEFT', 'DOWN']",0.014,-0.044,1.000
100,person,0.86,-111,81,-123.2,84.2,"['LEFT', 'DOWN']",0.014,-0.044,1.000
101,person,0.87,-101,78,-116.4,82.4,"['LEFT', 'DOWN']",0.014,-0.045,1.000
102,person,0.87,-90,75,-108.0,80.2,"['LEFT', 'DOWN']",0.015,-0.046,1.000
103,person,0.87,-79,72,-99.4,77.8,"['LEFT', 'DOWN']",0.015,-0.047,1.000
104,person,0.87,-71,70,-90.4,75.2,"['LEFT', 'DOWN']",0.015,-0.048,1.000
105,person,0.87,-71,70,-82.4,73.0,"['LEFT', 'DOWN']",0.015,-0.049,1.000
106,person,0.85,-64,59,-75.0,69.2,"['LEFT', 'DOWN']",0.015,-0.050,1.000
107,person,0.88,-59,54,-68.8,65.0,"['LEFT', 'DOWN']",0.015,-0.051,1.000
108,person,0.88,-52,47,-63.4,60.0,"['LEFT', 'DOWN']",0.015,-0.052,1.000
109,person,0.89,-50,40,-59.2,54.0,"['LEFT', 'DOWN']",0.015,-0.053,1.000
110,person,0.89,-43,28,-53.6,45.6,"['LEFT', 'DOWN']",0.016,-0.054,1.000
111,person,0.90,-32,17,-47.2,37.2,"['LEFT', 'DOWN']",0.016,-0.055,1.000
112,person,0.94,-14,0,-38.2,26.4,['LEFT'],0.016,-0.056,1.000
113,person,0.93,-7,-1,-29.2,16.8,['STAY'],0.016,-0.056,1.000
114,person,0.93,-5,-1,-20.2,8.6,['STAY'],0.016,-0.057,1.000
115,person,0.93,-2,-1,-12.0,2.8,['STAY'],0.016,-0.058,1.000
116,person,0.94,-2,-1,-6.0,-0.8,['STAY'],0.016,-0.059,1.000
117,person,0.95,-4,-1,-4.0,-1.0,['STAY'],0.016,-0.060,1.000
118,person,0.95,-1,-1,-2.8,-1.0,['STAY'],0.016,-0.061,1.000
119,person,0.95,-1,-3,-2.0,-1.4,['STAY'],0.016,-0.062,1.000
120,person,0.95,-2,-3,-2.0,-1.8,['STAY'],0.016,-0.063,1.000
121,person,0.95,-3,-3,-2.2,-2.2,['STAY'],0.016,-0.064,1.000
122,person,0.95,-3,-3,-2.0,-2.6,['STAY'],0.016,-0.065,1.000
123,person,0.95,-3,-3,-2.4,-3.0,['STAY'],0.016,-0.066,1.000
124,person,0.95,-4,-2,-3.0,-2.8,['STAY'],0.016,-0.067,1.000
125,person,0.95,-5,-2,-3.6,-2.6,['STAY'],0.017,-0.068,1.000
126,person,0.95,-6,-2,-4.2,-2.4,['STAY'],0.017,-0.069,1.000
127,person,0.95,-6,-1,-4.8,-2.0,['STAY'],0.017,-0.070,1.000
128,person,0.95,-7,-2,-5.6,-1.8,['STAY'],0.017,-0.071,1.000
129,person,0.95,-7,-2,-6.2,-1.8,['STAY'],0.017,-0.072,1.000
130,person,0.94,-8,-3,-6.8,-2.0,['STAY'],0.017,-0.073,1.000
131,person,0.94,-11,-3,-7.8,-2.2,['STAY'],0.017,-0.074,1.000
132,person,0.94,-11,-3,-8.8,-2.6,['STAY'],0.017,-0.075,1.000
133,person,0.95,-13,-3,-10.0,-2.8,['STAY'],0.017,-0.076,1.000
134,person,0.95,-12,-3,-11.0,-3.0,['STAY'],0.017,-0.077,1.000
135,person,0.96,-13,-3,-12.0,-3.0,['STAY'],0.017,-0.078,1.000
136,person,0.95,-14,-3,-12.6,-3.0,['STAY'],0.017,-0.079,1.000
137,person,0.95,-12,-2,-12.8,-2.8,['STAY'],0.017,-0.079,1.000
138,person,0.93,-14,-2,-13.0,-2.6,['STAY'],0.017,-0.080,1.000
139,person,0.95,-17,-2,-14.0,-2.4,['STAY'],0.017,-0.081,1.000
140,person,0.95,-16,-2,-14.6,-2.2,['STAY'],0.018,-0.082,1.000
141,person,0.93,-15,-1,-14.8,-1.8,['STAY'],0.018,-0.083,1.000
142,person,0.93,-15,-1,-15.4,-1.6,['STAY'],0.018,-0.084,1.000
143,person,0.93,-15,0,-15.6,-1.2,['STAY'],0.018,-0.085,1.000
144,person,0.93,-17,0,-15.6,-0.8,['STAY'],0.018,-0.086,1.000
145,person,0.93,-11,-1,-14.6,-0.6,['STAY'],0.018,-0.087,1.000
146,person,0.92,-5,3,-12.6,0.2,['STAY'],0.018,-0.088,1.000
147,person,0.87,10,64,-7.6,13.2,['STAY'],0.018,-0.089,1.000
148,person,0.83,15,87,-1.6,30.6,['DOWN'],0.018,-0.090,1.000
149,person,0.83,15,87,4.8,48.0,['DOWN'],0.018,-0.091,1.000
150,person,0.82,18,93,10.6,66.8,['DOWN'],0.018,-0.092,1.000
151,person,0.79,36,99,18.8,86.0,['DOWN'],0.018,-0.093,1.000
152,person,0.79,42,107,25.2,94.6,['DOWN'],0.018,-0.094,1.000
153,person,0.69,15,112,25.2,99.6,['DOWN'],0.018,-0.095,1.000
154,person,0.70,14,117,25.0,105.6,['DOWN'],0.018,-0.096,1.000
155,person,0.70,14,120,24.2,111.0,['DOWN'],0.019,-0.097,1.000
156,person,0.74,14,124,19.8,116.0,['DOWN'],0.019,-0.098,1.000
157,person,0.72,15,129,14.4,120.4,['DOWN'],0.019,-0.099,1.000
158,person,0.74,17,132,14.8,124.4,['DOWN'],0.019,-0.100,1.000
159,person,0.71,19,134,15.8,127.8,['DOWN'],0.019,-0.101,1.000
160,person,0.69,21,136,17.2,131.0,['DOWN'],0.019,-0.102,1.000
161,person,0.73,26,137,19.6,133.6,['DOWN'],0.019,-0.103,1.000
162,person,0.69,25,138,21.6,135.4,['DOWN'],0.019,-0.104,1.000
163,person,0.70,24,137,23.0,136.4,['DOWN'],0.019,-0.105,1.000
164,person,0.70,25,136,24.2,136.8,['DOWN'],0.019,-0.107,1.000
165,person,0.70,25,136,25.0,136.8,['DOWN'],0.019,-0.108,1.000
166,person,0.66,25,135,24.8,136.4,['DOWN'],0.019,-0.109,1.000
167,person,0.57,23,133,24.4,135.4,['DOWN'],0.019,-0.110,1.000
168,person,0.59,24,132,24.4,134.4,['DOWN'],0.019,-0.111,1.000
169,person,0.63,25,131,24.4,133.4,['DOWN'],0.019,-0.112,1.000
170,person,0.64,24,131,24.2,132.4,['DOWN'],0.019,-0.113,1.000
171,person,0.57,24,130,24.0,131.4,['DOWN'],0.020,-0.115,1.000
172,person,0.57,48,128,29.0,130.4,['DOWN'],0.020,-0.116,1.000
173,person,0.72,49,128,34.0,129.6,"['RIGHT', 'DOWN']",0.020,-0.117,1.000
174,person,0.76,51,129,39.2,129.2,"['RIGHT', 'DOWN']",0.020,-0.118,1.000
175,person,0.75,56,129,45.6,128.8,"['RIGHT', 'DOWN']",0.020,-0.119,1.000
176,person,0.76,60,129,52.8,128.6,"['RIGHT', 'DOWN']",0.020,-0.120,1.000
177,person,0.80,61,131,55.4,129.2,"['RIGHT', 'DOWN']",0.020,-0.122,1.000
178,person,0.84,70,131,59.6,129.8,"['RIGHT', 'DOWN']",0.020,-0.123,1.000
179,person,0.81,81,133,65.6,130.6,"['RIGHT', 'DOWN']",0.020,-0.124,1.000
180,person,0.80,93,135,73.0,131.8,"['RIGHT', 'DOWN']",0.020,-0.125,1.000
181,person,0.85,113,137,83.6,133.4,"['RIGHT', 'DOWN']",0.021,-0.127,1.000
182,person,0.85,126,140,96.6,135.2,"['RIGHT', 'DOWN']",0.021,-0.128,1.000
183,person,0.83,136,141,109.8,137.2,"['RIGHT', 'DOWN']",0.021,-0.129,1.000
184,person,0.81,147,143,123.0,139.2,"['RIGHT', 'DOWN']",0.021,-0.130,1.000
185,person,0.82,153,145,135.0,141.2,"['RIGHT', 'DOWN']",0.021,-0.132,1.000
186,person,0.81,154,148,143.2,143.4,"['RIGHT', 'DOWN']",0.021,-0.133,1.000
187,person,0.79,159,150,149.8,145.4,"['RIGHT', 'DOWN']",0.022,-0.134,1.000
188,person,0.78,162,153,155.0,147.8,"['RIGHT', 'DOWN']",0.022,-0.135,1.000
189,person,0.81,163,153,158.2,149.8,"['RIGHT', 'DOWN']",0.022,-0.137,1.000
190,person,0.80,163,154,160.2,151.6,"['RIGHT', 'DOWN']",0.022,-0.138,1.000
191,person,0.79,165,155,162.4,153.0,"['RIGHT', 'DOWN']",0.023,-0.139,1.000
192,person,0.78,164,155,163.4,154.0,"['RIGHT', 'DOWN']",0.023,-0.141,1.000
193,person,0.77,164,153,163.8,154.0,"['RIGHT', 'DOWN']",0.023,-0.142,1.000
194,person,0.77,164,152,164.0,153.8,"['RIGHT', 'DOWN']",0.023,-0.143,1.000
195,person,0.79,164,149,164.2,152.8,"['RIGHT', 'DOWN']",0.024,-0.145,1.000
196,person,0.81,163,146,163.8,151.0,"['RIGHT', 'DOWN']",0.024,-0.146,1.000
197,person,0.81,159,143,162.8,148.6,"['RIGHT', 'DOWN']",0.024,-0.148,1.000
198,person,0.84,157,140,161.4,146.0,"['RIGHT', 'DOWN']",0.024,-0.149,1.000
199,person,0.83,155,135,159.6,142.6,"['RIGHT', 'DOWN']",0.025,-0.150,1.000
200,person,0.88,151,131,157.0,139.0,"['RIGHT', 'DOWN']",0.025,-0.152,1.000
201,person,0.86,135,127,151.4,135.2,"['RIGHT', 'DOWN']",0.025,-0.153,1.000
202,person,0.86,111,123,141.8,131.2,"['RIGHT', 'DOWN']",0.026,-0.155,1.000
203,person,0.85,90,120,128.4,127.2,"['RIGHT', 'DOWN']",0.026,-0.156,1.000
204,person,0.82,78,119,113.0,124.0,"['RIGHT', 'DOWN']",0.026,-0.157,1.000
205,person,0.78,72,117,97.2,121.2,"['RIGHT', 'DOWN']",0.027,-0.159,1.000
206,person,0.74,69,116,84.0,119.0,"['RIGHT', 'DOWN']",0.027,-0.160,1.000
207,person,0.53,20,115,65.8,117.4,"['RIGHT', 'DOWN']",0.027,-0.162,1.000
208,person,0.59,12,116,50.2,116.6,"['RIGHT', 'DOWN']",0.028,-0.163,1.000
209,person,0.62,-5,117,33.6,116.2,"['RIGHT', 'DOWN']",0.028,-0.165,1.000
210,person,0.64,-20,119,15.2,116.6,['DOWN'],0.029,-0.166,1.000
211,person,0.59,-55,116,-9.6,116.6,['DOWN'],0.029,-0.168,1.000
212,person,0.78,-73,114,-28.2,116.4,['DOWN'],0.029,-0.169,1.000
213,person,0.79,-81,124,-46.8,118.0,"['LEFT', 'DOWN']",0.030,-0.171,1.000
214,person,0.77,-102,127,-66.2,120.0,"['LEFT', 'DOWN']",0.030,-0.172,1.000
215,person,0.75,-118,128,-85.8,121.8,"['LEFT', 'DOWN']",0.030,-0.174,1.000
216,person,0.70,-137,129,-102.2,124.4,"['LEFT', 'DOWN']",0.031,-0.175,1.000
217,person,0.74,-152,132,-118.0,128.0,"['LEFT', 'DOWN']",0.031,-0.177,1.000
218,person,0.78,-160,134,-133.8,130.0,"['LEFT', 'DOWN']",0.031,-0.178,1.000
219,person,0.67,-162,136,-145.8,131.8,"['LEFT', 'DOWN']",0.032,-0.180,1.000
220,person,0.62,-170,138,-156.2,133.8,"['LEFT', 'DOWN']",0.032,-0.182,1.000
221,person,0.69,-185,146,-165.8,137.2,"['LEFT', 'DOWN']",0.032,-0.183,1.000
222,person,0.56,-188,150,-173.0,140.8,"['LEFT', 'DOWN']",0.033,-0.185,1.000
223,person,0.47,-190,152,-179.0,144.4,"['LEFT', 'DOWN']",0.033,-0.186,1.000
224,person,0.41,-191,155,-184.8,148.2,"['LEFT', 'DOWN']",0.033,-0.188,1.000
225,person,0.68,-271,156,-205.0,151.8,"['LEFT', 'DOWN']",0.033,-0.189,1.000
226,person,0.64,-274,159,-222.8,154.4,"['LEFT', 'DOWN']",0.034,-0.191,1.000
227,person,0.64,-274,159,-240.0,156.2,"['LEFT', 'DOWN']",0.034,-0.193,1.000
228,person,0.65,-276,159,-257.2,157.6,"['LEFT', 'DOWN']",0.034,-0.194,1.000
229,person,0.63,-278,162,-274.6,159.0,"['LEFT', 'DOWN']",0.034,-0.196,1.000
230,person,0.61,-278,163,-276.0,160.4,"['LEFT', 'DOWN']",0.035,-0.198,1.000
231,person,0.58,-279,165,-277.0,161.6,"['LEFT', 'DOWN']",0.035,-0.199,1.000
232,person,0.57,-279,166,-278.0,163.0,"['LEFT', 'DOWN']",0.035,-0.201,1.000
233,person,0.62,-279,170,-278.6,165.2,"['LEFT', 'DOWN']",0.035,-0.203,1.000
234,person,0.57,-280,171,-279.0,167.0,"['LEFT', 'DOWN']",0.036,-0.204,1.000
235,person,0.59,-279,174,-279.2,169.2,"['LEFT', 'DOWN']",0.036,-0.206,1.000
236,person,0.63,-278,177,-279.0,171.6,"['LEFT', 'DOWN']",0.036,-0.208,1.000
237,person,0.63,-278,177,-278.8,173.8,"['LEFT', 'DOWN']",0.036,-0.209,1.000
238,person,0.66,-277,179,-278.4,175.6,"['LEFT', 'DOWN']",0.036,-0.211,1.000
239,person,0.67,-274,183,-277.2,178.0,"['LEFT', 'DOWN']",0.036,-0.213,1.000
240,person,0.72,-272,185,-275.8,180.2,"['LEFT', 'DOWN']",0.036,-0.215,1.000
241,person,0.73,-269,189,-274.0,182.6,"['LEFT', 'DOWN']",0.037,-0.216,1.000
242,person,0.72,-266,190,-271.6,185.2,"['LEFT', 'DOWN']",0.037,-0.218,1.000
243,person,0.69,-269,191,-270.0,187.6,"['LEFT', 'DOWN']",0.037,-0.220,1.000
244,person,0.67,-268,191,-268.8,189.2,"['LEFT', 'DOWN']",0.037,-0.222,1.000
245,person,0.68,-256,192,-265.6,190.6,"['LEFT', 'DOWN']",0.037,-0.223,1.000
246,person,0.68,-256,192,-263.0,191.2,"['LEFT', 'DOWN']",0.037,-0.225,1.000
247,person,0.68,-256,192,-261.0,191.6,"['LEFT', 'DOWN']",0.037,-0.227,1.000
248,person,0.71,-257,193,-258.6,192.0,"['LEFT', 'DOWN']",0.037,-0.229,1.000
249,person,0.74,-262,194,-257.4,192.6,"['LEFT', 'DOWN']",0.037,-0.231,1.000
250,person,0.76,-261,194,-258.4,193.0,"['LEFT', 'DOWN']",0.037,-0.232,1.000
251,person,0.77,-251,195,-257.4,193.6,"['LEFT', 'DOWN']",0.037,-0.234,1.000
252,person,0.79,-251,195,-256.4,194.2,"['LEFT', 'DOWN']",0.037,-0.236,1.000
253,person,0.78,-250,196,-255.0,194.8,"['LEFT', 'DOWN']",0.038,-0.238,1.000
254,person,0.78,-250,196,-252.6,195.2,"['LEFT', 'DOWN']",0.038,-0.240,1.000
255,person,0.78,-250,196,-250.4,195.6,"['LEFT', 'DOWN']",0.038,-0.242,1.000
256,person,0.77,-250,196,-250.2,195.8,"['LEFT', 'DOWN']",0.038,-0.244,1.000
257,person,0.77,-250,196,-250.0,196.0,"['LEFT', 'DOWN']",0.038,-0.245,1.000
258,person,0.77,-249,197,-249.8,196.2,"['LEFT', 'DOWN']",0.038,-0.247,1.000
259,person,0.77,-249,197,-249.6,196.4,"['LEFT', 'DOWN']",0.038,-0.249,1.000
260,person,0.77,-250,197,-249.6,196.6,"['LEFT', 'DOWN']",0.037,-0.251,1.000
261,person,0.77,-249,196,-249.4,196.6,"['LEFT', 'DOWN']",0.037,-0.253,1.000
262,person,0.78,-248,196,-249.0,196.6,"['LEFT', 'DOWN']",0.037,-0.255,1.000
263,person,0.79,-248,196,-248.8,196.4,"['LEFT', 'DOWN']",0.037,-0.257,1.000
264,person,0.80,-249,194,-248.8,195.8,"['LEFT', 'DOWN']",0.037,-0.259,1.000
265,person,0.80,-246,188,-248.0,194.0,"['LEFT', 'DOWN']",0.037,-0.261,1.000
266,person,0.81,-243,183,-246.8,191.4,"['LEFT', 'DOWN']",0.037,-0.263,1.000
267,person,0.81,-243,183,-245.8,188.8,"['LEFT', 'DOWN']",0.037,-0.265,1.000
268,person,0.85,-241,178,-244.4,185.2,"['LEFT', 'DOWN']",0.037,-0.267,1.000
269,person,0.87,-239,172,-242.4,180.8,"['LEFT', 'DOWN']",0.037,-0.269,1.000
270,person,0.86,-237,167,-240.6,176.6,"['LEFT', 'DOWN']",0.037,-0.270,1.000
271,person,0.79,-235,161,-239.0,172.2,"['LEFT', 'DOWN']",0.037,-0.272,1.000
272,person,0.57,-231,156,-236.6,166.8,"['LEFT', 'DOWN']",0.036,-0.274,1.000
273,person,0.54,-161,149,-220.6,161.0,"['LEFT', 'DOWN']",0.036,-0.276,1.000
274,person,0.63,-158,144,-204.4,155.4,"['LEFT', 'DOWN']",0.036,-0.279,1.000
275,person,0.72,-156,137,-188.2,149.4,"['LEFT', 'DOWN']",0.036,-0.281,1.000
276,person,0.82,-153,128,-171.8,142.8,"['LEFT', 'DOWN']",0.036,-0.283,1.000
277,person,0.85,-145,116,-154.6,134.8,"['LEFT', 'DOWN']",0.036,-0.285,1.000
278,person,0.84,-129,105,-148.2,126.0,"['LEFT', 'DOWN']",0.035,-0.287,1.000
279,person,0.88,-109,88,-138.4,114.8,"['LEFT', 'DOWN']",0.035,-0.289,1.000
280,person,0.86,-101,69,-127.4,101.2,"['LEFT', 'DOWN']",0.035,-0.291,1.000
281,person,0.89,-96,47,-116.0,85.0,"['LEFT', 'DOWN']",0.035,-0.293,1.000
282,person,0.86,-46,1,-96.2,62.0,"['LEFT', 'DOWN']",0.035,-0.295,1.000
283,person,0.90,-40,-1,-78.4,40.8,"['LEFT', 'DOWN']",0.034,-0.297,1.000
284,person,0.91,-42,-1,-65.0,23.0,['LEFT'],0.034,-0.299,1.000
285,person,0.91,-40,-2,-52.8,8.8,['LEFT'],0.034,-0.301,1.000
286,person,0.91,-40,-1,-41.6,-0.8,['LEFT'],0.034,-0.303,1.000
287,person,0.92,-41,-2,-40.6,-1.4,['LEFT'],0.033,-0.305,1.000
288,person,0.92,-46,-2,-41.8,-1.6,['LEFT'],0.033,-0.307,1.000
289,person,0.92,-49,-1,-43.2,-1.6,['LEFT'],0.033,-0.310,1.000
290,person,0.92,-54,-1,-46.0,-1.4,['LEFT'],0.032,-0.312,1.000
291,person,0.91,-55,-1,-49.0,-1.4,['LEFT'],0.032,-0.314,1.000
292,person,0.92,-55,-1,-51.8,-1.2,['LEFT'],0.032,-0.316,1.000
293,person,0.93,-57,-1,-54.0,-1.0,['LEFT'],0.031,-0.318,1.000
294,person,0.93,-55,-1,-55.2,-1.0,['LEFT'],0.031,-0.320,1.000
295,person,0.93,-52,-1,-54.8,-1.0,['LEFT'],0.031,-0.322,1.000
296,person,0.92,-38,-1,-51.4,-1.0,['LEFT'],0.030,-0.324,1.000
297,person,0.92,-36,-1,-47.6,-1.0,['LEFT'],0.030,-0.326,1.000
298,person,0.92,-26,-1,-41.4,-1.0,['LEFT'],0.030,-0.328,1.000
299,person,0.92,-23,-1,-35.0,-1.0,['LEFT'],0.029,-0.330,1.000
300,person,0.91,-22,-1,-29.0,-1.0,['STAY'],0.029,-0.332,1.000
301,person,0.92,-20,-1,-25.4,-1.0,['STAY'],0.029,-0.334,1.000
302,person,0.91,-21,-1,-22.4,-1.0,['STAY'],0.028,-0.337,1.000
303,person,0.91,-24,0,-22.0,-0.8,['STAY'],0.028,-0.339,1.000
304,person,0.91,-22,-1,-21.8,-0.8,['STAY'],0.028,-0.341,1.000
305,person,0.92,-23,0,-22.0,-0.6,['STAY'],0.027,-0.343,1.000
306,person,0.91,-28,0,-23.6,-0.4,['STAY'],0.027,-0.345,1.000
307,person,0.89,-27,0,-24.8,-0.2,['STAY'],0.026,-0.347,1.000
308,person,0.89,-30,0,-26.0,-0.2,['STAY'],0.026,-0.349,1.000
309,person,0.89,-31,0,-27.8,0.0,['STAY'],0.026,-0.351,1.000
310,person,0.88,-35,2,-30.2,0.4,['LEFT'],0.025,-0.353,1.000
311,person,0.87,-37,12,-32.0,2.8,['LEFT'],0.025,-0.355,1.000
312,person,0.86,-39,17,-34.4,6.2,['LEFT'],0.025,-0.357,1.000
313,person,0.85,-42,26,-36.8,11.4,['LEFT'],0.024,-0.359,1.000
314,person,0.85,-42,35,-39.0,18.4,['LEFT'],0.024,-0.361,1.000
315,person,0.88,-41,47,-40.2,27.4,['LEFT'],0.023,-0.364,1.000
316,person,0.86,-43,57,-41.4,36.4,"['LEFT', 'DOWN']",0.023,-0.366,1.000
317,person,0.85,-42,65,-42.0,46.0,"['LEFT', 'DOWN']",0.022,-0.368,1.000
318,person,0.75,-41,76,-41.8,56.0,"['LEFT', 'DOWN']",0.022,-0.370,1.000
319,person,0.63,-56,85,-44.6,66.0,"['LEFT', 'DOWN']",0.022,-0.372,1.000
320,person,0.60,-59,95,-48.2,75.6,"['LEFT', 'DOWN']",0.021,-0.374,1.000
321,person,0.54,-47,110,-49.0,86.2,"['LEFT', 'DOWN']",0.021,-0.376,1.000
322,person,0.50,-60,111,-52.6,95.4,"['LEFT', 'DOWN']",0.020,-0.378,1.000
323,person,0.59,-117,121,-67.8,104.4,"['LEFT', 'DOWN']",0.020,-0.380,1.000
324,person,0.67,-114,125,-79.4,112.4,"['LEFT', 'DOWN']",0.019,-0.383,1.000
325,person,0.65,-111,126,-89.8,118.6,"['LEFT', 'DOWN']",0.019,-0.385,1.000
326,person,0.63,-109,127,-102.2,122.0,"['LEFT', 'DOWN']",0.018,-0.387,1.000
327,person,0.67,-108,128,-111.8,125.4,"['LEFT', 'DOWN']",0.018,-0.389,1.000
328,person,0.68,-109,128,-110.2,126.8,"['LEFT', 'DOWN']",0.017,-0.391,1.000
329,person,0.63,-106,128,-108.6,127.4,"['LEFT', 'DOWN']",0.017,-0.393,1.000
330,person,0.59,-104,129,-107.2,128.0,"['LEFT', 'DOWN']",0.016,-0.396,1.000
331,person,0.56,-103,129,-106.0,128.4,"['LEFT', 'DOWN']",0.015,-0.398,1.000
332,person,0.58,-102,131,-104.8,129.0,"['LEFT', 'DOWN']",0.015,-0.400,1.000
333,person,0.56,-105,131,-104.0,129.6,"['LEFT', 'DOWN']",0.014,-0.402,1.000
334,person,0.57,-107,131,-104.2,130.2,"['LEFT', 'DOWN']",0.014,-0.404,1.000
335,person,0.47,-109,130,-105.2,130.4,"['LEFT', 'DOWN']",0.013,-0.407,1.000
336,person,0.44,-109,130,-106.4,130.6,"['LEFT', 'DOWN']",0.012,-0.409,1.000
337,person,0.51,-74,128,-100.8,130.0,"['LEFT', 'DOWN']",0.012,-0.411,1.000
338,person,0.53,-69,126,-93.6,129.0,"['LEFT', 'DOWN']",0.011,-0.413,1.000
339,person,0.56,-29,122,-78.0,127.2,"['LEFT', 'DOWN']",0.011,-0.416,1.000
340,person,0.58,-31,114,-62.4,124.0,"['LEFT', 'DOWN']",0.010,-0.418,1.000
341,person,0.63,-38,112,-48.2,120.4,"['LEFT', 'DOWN']",0.009,-0.420,1.000
342,person,0.75,-45,97,-42.4,114.2,"['LEFT', 'DOWN']",0.009,-0.423,1.000
343,person,0.84,-38,86,-36.2,106.2,"['LEFT', 'DOWN']",0.008,-0.425,1.000
344,person,0.86,-48,74,-40.0,96.6,"['LEFT', 'DOWN']",0.007,-0.427,1.000
345,person,0.86,-48,74,-43.4,88.6,"['LEFT', 'DOWN']",0.007,-0.429,1.000
346,person,0.91,-48,48,-45.4,75.8,"['LEFT', 'DOWN']",0.006,-0.432,1.000
347,person,0.93,-49,33,-46.2,63.0,"['LEFT', 'DOWN']",0.005,-0.434,1.000
348,person,0.92,-53,22,-49.2,50.2,"['LEFT', 'DOWN']",0.005,-0.436,1.000
349,person,0.91,-59,5,-51.4,36.4,"['LEFT', 'DOWN']",0.004,-0.439,1.000
350,person,0.93,-68,-1,-55.4,21.4,['LEFT'],0.003,-0.441,1.000
351,person,0.93,-79,1,-61.6,12.0,['LEFT'],0.002,-0.443,1.000
352,person,0.93,-96,1,-71.0,5.6,['LEFT'],0.002,-0.446,1.000
353,person,0.94,-111,-1,-82.6,1.0,['LEFT'],0.001,-0.448,1.000
354,person,0.94,-126,-1,-96.0,-0.2,['LEFT'],0.000,-0.450,1.000
355,person,0.94,-126,-1,-107.6,-0.2,['LEFT'],-0.001,-0.453,1.000
356,person,0.94,-138,-1,-119.4,-0.6,['LEFT'],-0.001,-0.455,1.000
357,person,0.94,-153,-1,-130.8,-1.0,['LEFT'],-0.002,-0.458,1.000
358,person,0.95,-172,-1,-143.0,-1.0,['LEFT'],-0.003,-0.460,1.000
359,person,0.95,-179,0,-153.6,-0.8,['LEFT'],-0.004,-0.462,1.000
360,person,0.95,-184,0,-165.2,-0.6,['LEFT'],-0.004,-0.465,1.000
361,person,0.94,-186,-1,-174.8,-0.6,['LEFT'],-0.005,-0.467,1.000
362,person,0.94,-189,-1,-182.0,-0.6,['LEFT'],-0.006,-0.469,1.000
363,person,0.94,-193,-1,-186.2,-0.6,['LEFT'],-0.007,-0.472,1.000
364,person,0.94,-197,-2,-189.8,-1.0,['LEFT'],-0.008,-0.474,1.000
365,person,0.94,-197,-2,-192.4,-1.4,['LEFT'],-0.009,-0.476,1.000
366,person,0.94,-201,-2,-195.4,-1.6,['LEFT'],-0.009,-0.479,1.000
367,person,0.92,-205,-3,-198.6,-2.0,['LEFT'],-0.010,-0.481,1.000
368,person,0.90,-211,-2,-202.2,-2.2,['LEFT'],-0.011,-0.483,1.000
369,person,0.91,-216,-2,-206.0,-2.2,['LEFT'],-0.012,-0.486,1.000
370,person,0.91,-227,-3,-212.0,-2.4,['LEFT'],-0.013,-0.488,1.000
371,person,0.91,-231,-3,-218.0,-2.6,['LEFT'],-0.014,-0.490,1.000
372,person,0.92,-235,-2,-224.0,-2.4,['LEFT'],-0.015,-0.493,1.000
373,person,0.90,-240,-2,-229.8,-2.4,['LEFT'],-0.016,-0.495,1.000
374,person,0.90,-246,-3,-235.8,-2.6,['LEFT'],-0.017,-0.497,1.000
375,person,0.90,-246,-3,-239.6,-2.6,['LEFT'],-0.018,-0.500,1.000
376,person,0.90,-250,-3,-243.4,-2.6,['LEFT'],-0.019,-0.502,1.000
377,person,0.87,-259,-1,-248.2,-2.4,['LEFT'],-0.019,-0.504,1.000
378,person,0.65,-288,-9,-257.8,-3.8,['LEFT'],-0.020,-0.507,1.000
379,None,,,,,,['SEARCH'],-0.021,-0.509,1.000
380,None,,,,,,['SEARCH'],-0.022,-0.511,1.000
381,None,,,,,,['SEARCH'],-0.023,-0.514,1.000
382,None,,,,,,['SEARCH'],-0.024,-0.516,1.000
383,None,,,,,,['SEARCH'],-0.025,-0.518,1.000
384,None,,,,,,['SEARCH'],-0.026,-0.520,1.000
385,None,,,,,,['SEARCH'],-0.027,-0.523,1.000
386,None,,,,,,['SEARCH'],-0.028,-0.525,1.000
387,None,,,,,,['SEARCH'],-0.029,-0.527,1.000
388,None,,,,,,['SEARCH'],-0.030,-0.530,1.000
389,None,,,,,,['SEARCH'],-0.031,-0.532,1.000
390,None,,,,,,['SEARCH'],-0.032,-0.534,1.000
391,None,,,,,,['SEARCH'],-0.033,-0.536,1.000
392,None,,,,,,['SEARCH'],-0.034,-0.539,1.000
393,None,,,,,,['SEARCH'],-0.035,-0.541,1.000
394,None,,,,,,['SEARCH'],-0.035,-0.543,1.000
395,None,,,,,,['SEARCH'],-0.036,-0.545,1.000
396,None,,,,,,['SEARCH'],-0.037,-0.548,1.000
397,None,,,,,,['SEARCH'],-0.038,-0.550,1.000
398,None,,,,,,['SEARCH'],-0.039,-0.552,1.000
399,None,,,,,,['SEARCH'],-0.040,-0.554,1.000
400,None,,,,,,['SEARCH'],-0.041,-0.556,1.000
401,None,,,,,,['SEARCH'],-0.042,-0.559,1.000
402,None,,,,,,['SEARCH'],-0.043,-0.561,1.000
403,None,,,,,,['SEARCH'],-0.043,-0.563,1.000
404,None,,,,,,['SEARCH'],-0.044,-0.565,1.000
405,None,,,,,,['SEARCH'],-0.045,-0.568,1.000
406,None,,,,,,['SEARCH'],-0.046,-0.570,1.000
407,None,,,,,,['SEARCH'],-0.047,-0.572,1.000
408,None,,,,,,['SEARCH'],-0.048,-0.574,1.000
409,None,,,,,,['SEARCH'],-0.049,-0.576,1.000
410,None,,,,,,['SEARCH'],-0.049,-0.579,1.000
411,person,0.44,-297,6,-268.0,-2.0,['LEFT'],-0.050,-0.581,1.000
412,person,0.51,-296,2,-278.0,-1.0,['LEFT'],-0.051,-0.583,1.000
413,person,0.58,-295,-1,-287.0,-0.6,['LEFT'],-0.052,-0.585,1.000
414,person,0.64,-294,1,-294.0,-0.2,['LEFT'],-0.053,-0.588,1.000
415,person,0.74,-291,7,-294.6,3.0,['LEFT'],-0.054,-0.590,1.000
416,person,0.80,-289,2,-293.0,2.2,['LEFT'],-0.055,-0.592,1.000
417,person,0.86,-286,1,-291.0,2.0,['LEFT'],-0.056,-0.594,1.000
418,person,0.87,-283,1,-288.6,2.4,['LEFT'],-0.056,-0.596,1.000
419,person,0.87,-281,0,-286.0,2.2,['LEFT'],-0.057,-0.599,1.000
420,person,0.88,-277,0,-283.2,0.8,['LEFT'],-0.058,-0.601,1.000
421,person,0.89,-273,-1,-280.0,0.2,['LEFT'],-0.059,-0.603,1.000
422,person,0.89,-269,-1,-276.6,-0.2,['LEFT'],-0.060,-0.605,1.000
423,person,0.88,-265,-1,-273.0,-0.6,['LEFT'],-0.061,-0.607,1.000
424,person,0.86,-260,-1,-268.8,-0.8,['LEFT'],-0.062,-0.610,1.000
425,person,0.89,-256,-1,-264.6,-1.0,['LEFT'],-0.063,-0.612,1.000
426,person,0.90,-251,-1,-260.2,-1.0,['LEFT'],-0.064,-0.614,1.000
427,person,0.89,-247,-1,-255.8,-1.0,['LEFT'],-0.065,-0.616,1.000
428,person,0.89,-243,-2,-251.4,-1.2,['LEFT'],-0.066,-0.618,1.000
429,person,0.81,-239,0,-247.2,-1.0,['LEFT'],-0.067,-0.621,1.000
430,person,0.86,-235,0,-243.0,-0.8,['LEFT'],-0.068,-0.623,1.000
431,person,0.88,-227,-1,-238.2,-0.8,['LEFT'],-0.069,-0.625,1.000
432,person,0.88,-222,-1,-233.2,-0.8,['LEFT'],-0.070,-0.627,1.000
433,person,0.89,-212,-2,-227.0,-0.8,['LEFT'],-0.071,-0.629,1.000
434,person,0.91,-203,-1,-219.8,-1.0,['LEFT'],-0.072,-0.632,1.000
435,person,0.91,-192,0,-211.2,-1.0,['LEFT'],-0.073,-0.634,1.000
436,person,0.92,-184,-1,-202.6,-1.0,['LEFT'],-0.074,-0.636,1.000
437,person,0.92,-176,0,-193.4,-0.8,['LEFT'],-0.075,-0.638,1.000
438,person,0.93,-167,0,-184.4,-0.4,['LEFT'],-0.076,-0.640,1.000
439,person,0.93,-155,1,-174.8,0.0,['LEFT'],-0.077,-0.643,1.000
440,person,0.93,-146,0,-165.6,0.0,['LEFT'],-0.078,-0.645,1.000
441,person,0.93,-133,0,-155.4,0.2,['LEFT'],-0.079,-0.647,1.000
442,person,0.92,-122,-1,-144.6,0.0,['LEFT'],-0.081,-0.649,1.000
443,person,0.94,-112,0,-133.6,0.0,['LEFT'],-0.082,-0.651,1.000
444,person,0.92,-93,-1,-121.2,-0.4,['LEFT'],-0.083,-0.654,1.000
445,person,0.90,-67,1,-105.4,-0.2,['LEFT'],-0.084,-0.656,1.000
446,person,0.89,-34,12,-85.6,2.2,['LEFT'],-0.085,-0.658,1.000
447,person,0.88,-5,23,-62.2,7.0,['LEFT'],-0.086,-0.660,1.000
448,person,0.83,38,40,-32.2,15.0,['LEFT'],-0.087,-0.662,1.000
449,person,0.87,70,59,0.4,27.0,['STAY'],-0.089,-0.665,1.000
450,person,0.74,96,74,33.0,41.6,"['RIGHT', 'DOWN']",-0.090,-0.667,1.000
451,person,0.75,107,87,61.2,56.6,"['RIGHT', 'DOWN']",-0.091,-0.669,1.000
452,person,0.64,121,97,86.4,71.4,"['RIGHT', 'DOWN']",-0.092,-0.671,1.000
453,person,0.69,136,104,106.0,84.2,"['RIGHT', 'DOWN']",-0.093,-0.673,1.000
454,person,0.74,167,108,125.4,94.0,"['RIGHT', 'DOWN']",-0.094,-0.676,1.000
455,person,0.75,178,109,141.8,101.0,"['RIGHT', 'DOWN']",-0.095,-0.678,1.000
456,person,0.82,179,110,156.2,105.6,"['RIGHT', 'DOWN']",-0.096,-0.680,1.000
457,person,0.85,179,111,167.8,108.4,"['RIGHT', 'DOWN']",-0.097,-0.682,1.000
458,person,0.85,180,112,176.6,110.0,"['RIGHT', 'DOWN']",-0.099,-0.685,1.000
459,person,0.86,186,113,180.4,111.0,"['RIGHT', 'DOWN']",-0.100,-0.687,1.000
460,person,0.79,189,115,182.6,112.2,"['RIGHT', 'DOWN']",-0.101,-0.689,1.000
461,person,0.68,195,117,185.8,113.6,"['RIGHT', 'DOWN']",-0.102,-0.691,1.000
462,person,0.75,199,119,189.8,115.2,"['RIGHT', 'DOWN']",-0.103,-0.694,1.000
463,person,0.73,202,121,194.2,117.0,"['RIGHT', 'DOWN']",-0.104,-0.696,1.000
464,person,0.74,204,123,197.8,119.0,"['RIGHT', 'DOWN']",-0.105,-0.698,1.000
465,person,0.73,202,123,200.4,120.6,"['RIGHT', 'DOWN']",-0.106,-0.701,1.000
466,person,0.73,201,122,201.6,121.6,"['RIGHT', 'DOWN']",-0.107,-0.703,1.000
467,person,0.72,196,120,201.0,121.8,"['RIGHT', 'DOWN']",-0.108,-0.705,1.000
468,person,0.80,191,119,198.8,121.4,"['RIGHT', 'DOWN']",-0.109,-0.708,1.000
469,person,0.83,190,118,196.0,120.4,"['RIGHT', 'DOWN']",-0.110,-0.710,1.000
470,person,0.85,186,117,192.8,119.2,"['RIGHT', 'DOWN']",-0.111,-0.712,1.000
471,person,0.81,181,117,188.8,118.2,"['RIGHT', 'DOWN']",-0.112,-0.715,1.000
472,person,0.75,180,116,185.6,117.4,"['RIGHT', 'DOWN']",-0.113,-0.717,1.000
473,person,0.75,180,116,183.4,116.8,"['RIGHT', 'DOWN']",-0.114,-0.720,1.000
474,person,0.71,167,115,178.8,116.2,"['RIGHT', 'DOWN']",-0.114,-0.722,1.000
475,person,0.74,136,113,168.8,115.4,"['RIGHT', 'DOWN']",-0.115,-0.724,1.000
476,person,0.71,113,112,155.2,114.4,"['RIGHT', 'DOWN']",-0.116,-0.727,1.000
477,person,0.79,70,110,133.2,113.2,"['RIGHT', 'DOWN']",-0.117,-0.729,1.000
478,person,0.76,56,110,108.4,112.0,"['RIGHT', 'DOWN']",-0.118,-0.732,1.000
479,person,0.76,44,112,83.8,111.4,"['RIGHT', 'DOWN']",-0.119,-0.734,1.000
480,person,0.76,44,112,65.4,111.2,"['RIGHT', 'DOWN']",-0.120,-0.736,1.000
481,person,0.71,29,114,48.6,111.6,"['RIGHT', 'DOWN']",-0.121,-0.739,1.000
482,person,0.72,4,115,35.4,112.6,"['RIGHT', 'DOWN']",-0.122,-0.741,1.000
483,person,0.74,-11,116,22.0,113.8,['DOWN'],-0.122,-0.744,1.000
484,person,0.73,-54,118,2.4,115.0,['DOWN'],-0.123,-0.746,1.000
485,person,0.81,-72,125,-20.8,117.6,['DOWN'],-0.124,-0.749,1.000
486,person,0.80,-89,126,-44.4,120.0,"['LEFT', 'DOWN']",-0.125,-0.751,1.000
487,person,0.73,-105,126,-66.2,122.2,"['LEFT', 'DOWN']",-0.126,-0.754,1.000
488,person,0.68,-116,127,-87.2,124.4,"['LEFT', 'DOWN']",-0.127,-0.756,1.000
489,person,0.75,-130,128,-102.4,126.4,"['LEFT', 'DOWN']",-0.128,-0.759,1.000
490,person,0.75,-130,128,-114.0,127.0,"['LEFT', 'DOWN']",-0.129,-0.761,1.000
491,person,0.74,-140,131,-124.2,128.0,"['LEFT', 'DOWN']",-0.129,-0.764,1.000
492,person,0.58,-152,132,-133.6,129.2,"['LEFT', 'DOWN']",-0.130,-0.766,1.000
493,None,,,,,,['SEARCH'],-0.131,-0.769,1.000
494,person,0.42,-218,134,-154.0,130.6,"['LEFT', 'DOWN']",-0.132,-0.771,1.000
495,None,,,,,,['SEARCH'],-0.133,-0.774,1.000
496,person,0.41,-156,135,-159.2,132.0,"['LEFT', 'DOWN']",-0.134,-0.777,1.000
497,person,0.40,-156,136,-164.4,133.6,"['LEFT', 'DOWN']",-0.135,-0.779,1.000
498,None,,,,,,['SEARCH'],-0.136,-0.782,1.000
499,None,,,,,,['SEARCH'],-0.137,-0.784,1.000
500,None,,,,,,['SEARCH'],-0.138,-0.787,1.000
501,None,,,,,,['SEARCH'],-0.139,-0.789,1.000
502,None,,,,,,['SEARCH'],-0.140,-0.792,1.000
503,None,,,,,,['SEARCH'],-0.141,-0.794,1.000
504,None,,,,,,['SEARCH'],-0.142,-0.797,1.000
505,None,,,,,,['SEARCH'],-0.143,-0.799,1.000
506,None,,,,,,['SEARCH'],-0.144,-0.802,1.000
507,person,0.42,-158,132,-168.0,133.8,"['LEFT', 'DOWN']",-0.145,-0.804,1.000
508,person,0.56,-198,130,-177.2,133.4,"['LEFT', 'DOWN']",-0.146,-0.807,1.000
509,person,0.59,-150,128,-163.6,132.2,"['LEFT', 'DOWN']",-0.146,-0.809,1.000
510,person,0.59,-150,128,-162.4,130.8,"['LEFT', 'DOWN']",-0.147,-0.812,1.000
511,person,0.68,-149,125,-161.0,128.6,"['LEFT', 'DOWN']",-0.148,-0.814,1.000
512,person,0.71,-146,123,-158.6,126.8,"['LEFT', 'DOWN']",-0.149,-0.817,1.000
513,person,0.70,-138,121,-146.6,125.0,"['LEFT', 'DOWN']",-0.150,-0.819,1.000
514,person,0.69,-122,117,-141.0,122.8,"['LEFT', 'DOWN']",-0.151,-0.822,1.000
515,person,0.74,-117,113,-134.4,119.8,"['LEFT', 'DOWN']",-0.152,-0.825,1.000
516,person,0.78,-112,111,-127.0,117.0,"['LEFT', 'DOWN']",-0.154,-0.827,1.000
517,person,0.78,-101,107,-118.0,113.8,"['LEFT', 'DOWN']",-0.155,-0.830,1.000
518,person,0.83,-92,101,-108.8,109.8,"['LEFT', 'DOWN']",-0.156,-0.832,1.000
519,person,0.83,-85,95,-101.4,105.4,"['LEFT', 'DOWN']",-0.157,-0.835,1.000
520,person,0.82,-78,91,-93.6,101.0,"['LEFT', 'DOWN']",-0.158,-0.838,1.000
521,person,0.76,-68,87,-84.8,96.2,"['LEFT', 'DOWN']",-0.159,-0.840,1.000
522,person,0.77,-62,83,-77.0,91.4,"['LEFT', 'DOWN']",-0.160,-0.843,1.000
523,person,0.83,-58,78,-70.2,86.8,"['LEFT', 'DOWN']",-0.161,-0.845,1.000
524,person,0.85,-55,72,-64.2,82.2,"['LEFT', 'DOWN']",-0.162,-0.848,1.000
525,person,0.82,-47,69,-58.0,77.8,"['LEFT', 'DOWN']",-0.163,-0.851,1.000
526,person,0.83,-43,62,-53.0,72.8,"['LEFT', 'DOWN']",-0.164,-0.853,1.000
527,person,0.83,-45,52,-49.6,66.6,"['LEFT', 'DOWN']",-0.165,-0.856,1.000
528,person,0.87,-43,44,-46.6,59.8,"['LEFT', 'DOWN']",-0.167,-0.859,1.000
529,person,0.89,-43,36,-44.2,52.6,"['LEFT', 'DOWN']",-0.168,-0.861,1.000
530,person,0.91,-44,25,-43.6,43.8,"['LEFT', 'DOWN']",-0.169,-0.864,1.000
531,person,0.91,-46,17,-44.2,34.8,"['LEFT', 'DOWN']",-0.170,-0.867,1.000
532,person,0.92,-45,6,-44.2,25.6,['LEFT'],-0.171,-0.870,1.000
533,person,0.93,-45,1,-44.6,17.0,['LEFT'],-0.172,-0.872,1.000
534,person,0.93,-46,-1,-45.2,9.6,['LEFT'],-0.173,-0.875,1.000
535,person,0.93,-51,0,-46.6,4.6,['LEFT'],-0.175,-0.878,1.000
536,person,0.93,-52,-1,-47.8,1.0,['LEFT'],-0.176,-0.880,1.000
537,person,0.93,-52,0,-49.2,-0.2,['LEFT'],-0.177,-0.883,1.000
538,person,0.93,-50,-1,-50.2,-0.6,['LEFT'],-0.178,-0.886,1.000
539,person,0.93,-53,-1,-51.6,-0.6,['LEFT'],-0.179,-0.888,1.000
540,person,0.93,-52,-1,-51.8,-0.8,['LEFT'],-0.181,-0.891,1.000
541,person,0.93,-51,-1,-51.6,-0.8,['LEFT'],-0.182,-0.894,1.000
542,person,0.93,-49,-1,-51.0,-1.0,['LEFT'],-0.183,-0.896,1.000
543,person,0.93,-48,-1,-50.6,-1.0,['LEFT'],-0.184,-0.899,1.000
544,person,0.93,-47,-1,-49.4,-1.0,['LEFT'],-0.186,-0.902,1.000
545,person,0.93,-47,-1,-48.4,-1.0,['LEFT'],-0.187,-0.904,1.000
546,person,0.94,-46,-1,-47.4,-1.0,['LEFT'],-0.188,-0.907,1.000
547,person,0.94,-46,-1,-46.8,-1.0,['LEFT'],-0.190,-0.910,1.000
548,person,0.93,-46,-1,-46.4,-1.0,['LEFT'],-0.191,-0.913,1.000
549,person,0.93,-45,-1,-46.0,-1.0,['LEFT'],-0.192,-0.915,1.000
550,person,0.93,-47,0,-46.0,-0.8,['LEFT'],-0.193,-0.918,1.000
551,person,0.93,-47,0,-46.2,-0.6,['LEFT'],-0.195,-0.921,1.000
552,person,0.94,-45,0,-46.0,-0.4,['LEFT'],-0.196,-0.923,1.000
553,person,0.93,-43,-1,-45.4,-0.4,['LEFT'],-0.197,-0.926,1.000
554,person,0.92,-40,1,-44.4,0.0,['LEFT'],-0.199,-0.929,1.000
555,person,0.92,-36,2,-42.2,0.4,['LEFT'],-0.200,-0.931,1.000
556,person,0.91,-32,12,-39.2,2.8,['LEFT'],-0.202,-0.934,1.000
557,person,0.90,-27,19,-35.6,6.6,['LEFT'],-0.203,-0.937,1.000
558,person,0.87,-17,30,-30.4,12.8,['LEFT'],-0.204,-0.939,1.000
559,person,0.89,-5,42,-23.4,21.0,['STAY'],-0.206,-0.942,1.000
560,person,0.87,-2,51,-16.6,30.8,['DOWN'],-0.207,-0.945,1.000
561,person,0.86,-1,62,-10.4,40.8,['DOWN'],-0.208,-0.947,1.000
562,person,0.85,7,73,-3.6,51.6,['DOWN'],-0.210,-0.950,1.000
563,person,0.83,13,80,2.4,61.6,['DOWN'],-0.211,-0.953,1.000
564,person,0.85,23,90,8.0,71.2,['DOWN'],-0.213,-0.956,1.000
565,person,0.83,24,96,13.2,80.2,['DOWN'],-0.214,-0.958,1.000
566,person,0.82,25,101,18.4,88.0,['DOWN'],-0.215,-0.961,1.000
567,person,0.81,28,106,22.6,94.6,['DOWN'],-0.217,-0.964,1.000
568,person,0.82,32,107,26.4,100.0,['DOWN'],-0.218,-0.966,1.000
569,person,0.83,35,108,28.8,103.6,['DOWN'],-0.219,-0.969,1.000
570,person,0.83,37,107,31.4,105.8,"['RIGHT', 'DOWN']",-0.221,-0.972,1.000
571,person,0.84,37,106,33.8,106.8,"['RIGHT', 'DOWN']",-0.222,-0.975,1.000
572,person,0.84,37,104,35.6,106.4,"['RIGHT', 'DOWN']",-0.223,-0.978,1.000
573,person,0.84,37,104,36.6,105.8,"['RIGHT', 'DOWN']",-0.225,-0.980,1.000
574,person,0.84,36,105,36.8,105.2,"['RIGHT', 'DOWN']",-0.226,-0.983,1.000
575,person,0.84,36,106,36.6,105.0,"['RIGHT', 'DOWN']",-0.227,-0.986,1.000
576,person,0.83,36,107,36.4,105.2,"['RIGHT', 'DOWN']",-0.229,-0.989,1.000
577,person,0.84,35,107,36.0,105.8,"['RIGHT', 'DOWN']",-0.230,-0.992,1.000
578,person,0.84,36,108,35.8,106.6,"['RIGHT', 'DOWN']",-0.231,-0.994,1.000
579,person,0.84,34,108,35.4,107.2,"['RIGHT', 'DOWN']",-0.233,-0.997,1.000
580,person,0.84,34,107,35.0,107.4,"['RIGHT', 'DOWN']",-0.234,-1.000,1.000
581,person,0.85,33,107,34.4,107.4,"['RIGHT', 'DOWN']",-0.235,-1.003,1.000
582,person,0.84,33,106,34.0,107.2,"['RIGHT', 'DOWN']",-0.236,-1.006,1.000
583,person,0.83,31,105,33.0,106.6,"['RIGHT', 'DOWN']",-0.238,-1.009,1.000
584,person,0.83,30,104,32.2,105.8,"['RIGHT', 'DOWN']",-0.239,-1.011,1.000
